Job ID,Job URL,Job Title,Company Name,Status,Timestamp,WP ID
02c479b3039ddaf2,https://mm.linkedin.com/jobs/view/area-sales-manager-at-meril-4434985594,Area Sales Manager,,scraped,2026-07-07T01:01:57.301425,
195f02ac93372b79,https://mm.linkedin.com/jobs/view/warehouse-operations-specialist-at-u9-4435209769,Warehouse Operations Specialist,U9,posted,2026-07-07T01:02:16.247322,18
e579a3f90551bea3,https://mm.linkedin.com/jobs/view/talent-acquisition-senior-specialist-specialist-at-u9-4435210671,Talent Acquisition Senior Specialist/ Specialist,U9,posted,2026-07-07T01:02:27.534513,20
1d941b64795d8d54,https://mm.linkedin.com/jobs/view/senior-manager-brand-marketing-at-carlsberg-group-4436094230,"Senior Manager, Brand Marketing",,scraped,2026-07-07T01:02:30.148786,
5293bc995c249700,https://mm.linkedin.com/jobs/view/account-payable-accountant-at-u9-4435218440,Account Payable Accountant,U9,posted,2026-07-07T01:02:45.248633,22
db6af6799bdf4a53,https://mm.linkedin.com/jobs/view/team-lead-at-jti-4433127907,Team Lead,JTI,posted,2026-07-07T01:02:58.812488,24
1394c7b2ec0ce1ff,https://mm.linkedin.com/jobs/view/construction-supervisor-at-super-seven-stars-group-of-companies-4431563308,Construction Supervisor,,scraped,2026-07-07T01:03:01.362441,
8b23f89c0ea424ea,https://mm.linkedin.com/jobs/view/deputy-chief-accountant-at-kma-group-of-companies-4436070120,Deputy Chief Accountant,,scraped,2026-07-07T01:03:09.181199,
45203f636bee4d39,https://mm.linkedin.com/jobs/view/business-planning-analysis-at-uab-bank-4435347493,Business Planning & Analysis,,scraped,2026-07-07T01:03:16.444756,
268a018c3353d18c,https://mm.linkedin.com/jobs/view/digital-product-executive-at-u9-4435212689,Digital Product Executive,U9,posted,2026-07-07T01:04:39.160300,26
4b3290d068db9834,https://mm.linkedin.com/jobs/view/operator-license-owner-yangon-at-stranger-soccer-4435374249,"Operator & License Owner, Yangon",,scraped,2026-07-07T01:04:41.908275,
a73e8153419ec595,https://mm.linkedin.com/jobs/view/sales-planning-operations-senior-manager-at-u9-4435227174,Sales Planning & Operations Senior Manager,U9,posted,2026-07-07T01:04:57.413204,28
6937b3939525a14c,https://mm.linkedin.com/jobs/view/network-planning-operations-director-at-u9-4435224260,Network Planning & Operations Director,U9,posted,2026-07-07T01:06:13.976554,30
f6a61181bf4484aa,https://mm.linkedin.com/jobs/view/maurer-m-w-d-at-jako-pionier-gmbh-4435504069,Maurer (m/w/d),,scraped,2026-07-07T01:06:16.554406,
69c9566ff8d38b2b,https://mm.linkedin.com/jobs/view/early-careers-digital-technology-at-slb-4434943299,Early Careers - Digital Technology,SLB,posted,2026-07-07T01:08:41.520326,32
986ae14f17d1d299,https://mm.linkedin.com/jobs/view/account-executive-inbound-h-f-at-numbr-lille-4432357547,Account Executive (Inbound) - H/F,,scraped,2026-07-07T01:08:44.280911,
c8707fd885cfec75,https://mm.linkedin.com/jobs/view/international-wash-cluster-coordinator-office-base-with-travel-emergency-unit-myanmar-yangon-8-months-at-unicef-chad-4433157567,"International WASH Cluster Coordinator (office base with travel) Emergency Unit, Myanmar, Yangon 8 months",Unicef CHAD,posted,2026-07-07T01:10:08.817938,34
33d592d1aabf0dd2,https://mm.linkedin.com/jobs/view/warehouse-senior-supervisor-city-agro-at-city-solutions-center-limited-4435045619,Warehouse Senior Supervisor (City Agro),City Solutions Center Limited,posted,2026-07-07T01:11:27.449917,36
2bb3cf83ca1256b6,https://mm.linkedin.com/jobs/view/regional-sales-manager-at-yzl-co-ltd-4435038149,Regional Sales Manager,,scraped,2026-07-07T01:11:30.064544,
b8d11f512c072b0e,https://mm.linkedin.com/jobs/view/maintenance-technician-ii-aquatic-technician-at-city-of-douglas-4431565421,Maintenance Technician II (Aquatic Technician),,scraped,2026-07-07T01:11:36.464538,
de0820d16d7121c9,https://mm.linkedin.com/jobs/view/heating-air-conditioning-specialist-4434398330,Heating Air Conditioning Specialist,"Apollo Towers Myanmar Co., Ltd.",posted,2026-07-07T01:12:01.952726,38
4c5734b025d331c7,https://mm.linkedin.com/jobs/view/relationship-manager-at-kbz-life-insurance-4433650177,Relationship Manager,KBZ LIFE Insurance,posted,2026-07-07T01:14:28.229856,40
b371dede9f6fd626,https://mm.linkedin.com/jobs/view/senior-pr-manager-sea-at-binance-4354784826,Senior PR Manager - SEA,Binance,posted,2026-07-07T01:15:54.132882,42
ee101160f359f754,https://mm.linkedin.com/jobs/view/human-resources-trainer-at-capital-taiyo-life-insurance-4435432069,Human Resources Trainer,CAPITAL TAIYO LIFE INSURANCE,posted,2026-07-07T01:16:07.720308,44
85ecc96408db1555,https://mm.linkedin.com/jobs/view/senior-educational-consultant-at-one-asia-connect-4434394607,Senior Educational Consultant,,scraped,2026-07-07T01:16:10.356127,
e6fed46a7c1baf1f,https://mm.linkedin.com/jobs/view/material-planning-executive-avd-department-at-fortune-international-limited-4436068774,Material Planning Executive (AVD Department),Fortune International Limited,posted,2026-07-07T01:17:51.286658,46
31327262a2ab2363,https://mm.linkedin.com/jobs/view/special-education-teacher-at-king-s-valley-international-school-4435014846,Special Education Teacher,,scraped,2026-07-07T01:17:53.863039,
8b8ebe3e7288f6be,https://mm.linkedin.com/jobs/view/accountant-at-intel-bridge-education-4437163068,Accountant,Intel-Bridge Education,posted,2026-07-07T01:19:16.513511,48
7121beffc2c3ee1c,https://mm.linkedin.com/jobs/view/backend-documentation-staff-%E2%80%94-remote-myanmmar-at-global-alliance-logistics-pte-ltd-4436087489,Backend Documentation Staff — Remote (Myanmmar),,scraped,2026-07-07T01:19:19.075209,
3331435c32352122,https://mm.linkedin.com/jobs/view/digital-merchandising-and-content-management-specialist-at-u9-4435221380,Digital Merchandising and Content Management Specialist,U9,posted,2026-07-07T01:19:37.087307,50
49658b8643ca561d,https://mm.linkedin.com/jobs/view/career-management-consultant-at-landmark-language-and-education-center-4435405359,Career Management Consultant,Landmark Language And Education Center,posted,2026-07-07T01:19:50.131101,52
9485865b74b6ae10,https://mm.linkedin.com/jobs/view/m-e-technician-electrical-at-international-bulk-terminal-thilawa-ibtt-4432326634,M&E TECHNICIAN (ELECTRICAL),International Bulk Terminal Thilawa (IBTT),posted,2026-07-07T01:19:59.220740,54
17c02256f4b03994,https://mm.linkedin.com/jobs/view/sales-executive-at-mottama-trading-co-ltd-4436059795,Sales Executive,"Mottama Trading Co., Ltd",posted,2026-07-07T01:20:11.396311,56
acc04bc0ccae366b,https://mm.linkedin.com/jobs/view/consultant-fonctionnel-production-m3-h-f-at-elcima%C3%AF-4435542692,CONSULTANT FONCTIONNEL PRODUCTION M3 H/F,Groupe Elcimaï,posted,2026-07-07T01:21:00.016358,58
e4c6fb374d819533,https://mm.linkedin.com/jobs/view/byggledare-at-forsen-ab-4432343844,Byggledare,,scraped,2026-07-07T01:21:02.517288,
7d093e78c8cfacb9,https://mm.linkedin.com/jobs/view/territory-sales-executive-ayeyarwady-at-u9-4435449873,Territory Sales Executive - Ayeyarwady,U9,posted,2026-07-07T01:23:27.905771,60
77aec1c04cbf7b20,https://mm.linkedin.com/jobs/view/solution-business-analyst-manager-digital-services-at-u9-4435226183,Solution Business Analyst Manager (Digital Services),U9,posted,2026-07-07T01:23:39.304176,62
4aaf7608f62bc3bc,https://mm.linkedin.com/jobs/view/key-account-executive-at-yolo-digital-myanmar-company-limited-4436039423,Key Account Executive,,scraped,2026-07-07T01:23:42.104948,
50967ef8d60559ca,https://mm.linkedin.com/jobs/view/credit-underwriter-corporate-sme-senior-associate-at-myanmar-citizens-bank-mcb-4434307623,Credit Underwriter (Corporate/SME) - Senior Associate,Myanmar Citizens Bank - MCB,posted,2026-07-07T01:25:11.626157,64
d198f9eb3d24f47d,https://mm.linkedin.com/jobs/view/hr-executive-at-zwe-htet-gold-jewellery-4436012976,HR Executive,Zwe Htet Gold & Jewellery,posted,2026-07-07T01:25:24.575849,66
362cf486a2b30001,https://mm.linkedin.com/jobs/view/brand-manager-at-a-sure-company-4436204344,Brand Manager,,scraped,2026-07-07T01:25:27.189375,
bc458ec1eb342083,https://mm.linkedin.com/jobs/view/business-development-staff-at-veryvenue-company-ltd-4436086513,Business Development Staff,,scraped,2026-07-07T01:25:34.320167,
1035dbde1b2c3988,https://mm.linkedin.com/jobs/view/regional-o-m-engineer-solar-at-mandalay-yoma-4435413459,Regional O&M Engineer (Solar),,scraped,2026-07-07T01:27:08.832806,
27c797dfc04e8f1c,https://mm.linkedin.com/jobs/view/digital-solutions-consultant-at-fluxion-technology-4436065212,Digital Solutions Consultant,,scraped,2026-07-07T01:28:19.237909,
aa025648a0545302,https://mm.linkedin.com/jobs/view/operational-set-up-manager-for-raw-material-at-the-heineken-myanmar-4435394616,Operational Set Up Manager (For Raw Material),The HEINEKEN Myanmar,posted,2026-07-07T01:28:50.291455,68
808430d8974f3a35,https://mm.linkedin.com/jobs/view/it-infrastructure-engineer-at-qhrm-4436069992,IT Infrastructure Engineer,,scraped,2026-07-07T01:28:52.869045,
cf90589fb668565a,https://mm.linkedin.com/jobs/view/medical-officer-at-nilar-diagnostic-centre-and-specialist-clinic-4435018859,Medical Officer,Nilar Diagnostic Centre and Specialist Clinic,posted,2026-07-07T01:30:34.153773,70
940b53bd08c6d107,https://mm.linkedin.com/jobs/view/chief-financial-officer-myanmar-based-expat-role-at-alphasearch-4431594146,"Chief Financial Officer (Myanmar-based, expat role)",,scraped,2026-07-07T01:30:36.678437,
1e03c5f7d34f61c4,https://mm.linkedin.com/jobs/view/ai-automation-supervisor-at-a-sure-company-4435048833,AI & Automation Supervisor,,scraped,2026-07-07T01:31:47.357386,
2c6043412a199a87,https://mm.linkedin.com/jobs/view/senior-auditor-at-super-seven-stars-group-of-companies-4434956479,Senior Auditor,,scraped,2026-07-07T01:31:54.337261,
952f1fb7dd770205,https://mm.linkedin.com/jobs/view/internal-control-manager-temporary-at-jti-4432302912,Internal Control Manager (Temporary),JTI,posted,2026-07-07T01:32:13.385787,72
89c88352f3a00faf,https://mm.linkedin.com/jobs/view/assistant-branch-sales-manager-pathein-township-at-chemist-warehouse-co-ltd-4434969199,Assistant Branch Sales Manager (Pathein Township),,scraped,2026-07-07T01:32:15.710354,
90da9d453cde10a7,https://mm.linkedin.com/jobs/view/sales-engineer-at-i-e-m-company-limited-4435049684,Sales Engineer,,scraped,2026-07-07T01:32:22.182797,
bb89e49634c14f24,https://mm.linkedin.com/jobs/view/senior-cashier-cashier-at-a-insurance-4436470778,Senior Cashier/Cashier,A Insurance,posted,2026-07-07T01:32:38.651807,74
52e991ab9bda9625,https://mm.linkedin.com/jobs/view/report-development-senior-specialist-at-u9-4435225269,Report Development Senior Specialist,U9,posted,2026-07-07T01:32:50.039353,76
612ac57fbc7560a3,https://mm.linkedin.com/jobs/view/liaison-officer-at-fortune-international-limited-4436085669,Liaison Officer,Fortune International Limited,posted,2026-07-07T01:33:35.908011,78
8d69771fc0353d38,https://mm.linkedin.com/jobs/view/internal-event-specialist-wall-street-english-at-asia-strategic-holdings-4434612023,Internal Event Specialist (Wall Street English),Asia Strategic Holdings,posted,2026-07-07T01:33:49.046640,80
a2fe92e5850f807a,https://mm.linkedin.com/jobs/view/app-analytics-manager-at-u9-4435209776,App Analytics Manager,U9,posted,2026-07-07T01:34:52.779532,82
d87b8be0edb3a4e1,https://mm.linkedin.com/jobs/view/digital-marketing-executive-at-hagl-myanmar-4436708475,Digital Marketing Executive,,scraped,2026-07-07T01:34:55.314797,
c9b5e15bec3df6c4,https://mm.linkedin.com/jobs/view/sales-officer-at-dahua-technology-co-ltd-4426062250,Sales Officer,,scraped,2026-07-07T01:35:04.459055,
01a8e2a043221473,https://mm.linkedin.com/jobs/view/engineer-at-nilar-holdings-co-ltd-4436094374,Engineer,,scraped,2026-07-07T01:35:12.721616,
b0befd50999fd918,https://mm.linkedin.com/jobs/view/quantity-surveyor-local-only-at-hillman-land-4432302779,Quantity Surveyor (Local Only),Hillman Land,posted,2026-07-07T01:35:31.324556,84
074cb794464a0e5c,https://mm.linkedin.com/jobs/view/civil-sale-at-artisthsu-4434378393,Civil sale,,scraped,2026-07-07T01:35:34.063119,
60ef442e934e1131,https://mm.linkedin.com/jobs/view/deputy-head-of-risk-and-compliance-at-sathapana-limited-myanmar-4435519779,Deputy Head of Risk and Compliance,,scraped,2026-07-07T01:35:41.706398,
54f043d7a9127b44,https://mm.linkedin.com/jobs/view/ip-core-manager-at-horizon-telecom-international-co-ltd-4435062257,IP Core Manager,,scraped,2026-07-07T01:35:52.025950,
e0b04774aa00d5e0,https://mm.linkedin.com/jobs/view/fitter-at-schindler-group-4435560832,Fitter,,scraped,2026-07-07T01:36:00.806179,
cb3b6e188f7cb9e4,https://mm.linkedin.com/jobs/view/translation-specialist-%E2%80%93-burmese-%2445-hr-remote-at-crossing-hurdles-4426230509,Translation Specialist – Burmese | $45/hr Remote,,scraped,2026-07-07T01:36:07.850673,
89c3e5d9077e987b,https://mm.linkedin.com/jobs/view/app-revenue-manager-at-u9-4435210683,App Revenue Manager,U9,posted,2026-07-07T01:36:22.883353,86
bbaab2f3f8baa202,https://mm.linkedin.com/jobs/view/architectural-and-interior-design-assistant-4436226962,Architectural And Interior Design Assistant,"Kaflae Co,ltd",posted,2026-07-07T01:36:30.564580,88
016be4316c7a4b46,https://mm.linkedin.com/jobs/view/%C5%99idi%C4%8D-kooperace-materi%C3%A1lov%C3%BD-skladn%C3%ADk-at-ahorn-de-4434369966,Řidič kooperace / materiálový skladník,AHORN DE,posted,2026-07-07T01:36:45.142372,90
26b3dc36bee3ff1c,https://mm.linkedin.com/jobs/view/corporate-affairs-executive-at-yoma-group-4436076610,Corporate Affairs Executive,,scraped,2026-07-07T01:36:47.938770,
402a1ed6cd5ef743,https://mm.linkedin.com/jobs/view/payroll-specialist-fixed-term-contract-at-rma-myanmar-4435400893,Payroll Specialist (Fixed Term Contract),RMA Myanmar,posted,2026-07-07T01:38:22.608685,92
3a9e2988514e8e2a,https://mm.linkedin.com/jobs/view/senior-property-affairs-executive-at-yoma-land-real-estate-developer-4435024873,Senior/Property Affairs Executive,,scraped,2026-07-07T01:38:25.222937,
9958f793aa3ff77a,https://mm.linkedin.com/jobs/view/marketing-intern-at-grand-royal-group-international-4436092208,Marketing Intern,Grand Royal Group International,posted,2026-07-07T01:38:44.613314,94
be1e136bb11ff351,https://mm.linkedin.com/jobs/view/junior-kock%C3%A1zatkezel%C5%91-aktu%C3%A1rius-at-union-prime-igazgat%C3%B3s%C3%A1g%E2%8E%9F%23unionprime-%E2%9D%A4%EF%B8%8F-4435807768,Junior Kockázatkezelő - Aktuárius,,scraped,2026-07-07T01:38:47.415421,
9183c65c3bb5891f,https://mm.linkedin.com/jobs/view/full-stack-developer-at-expleo-group-4345994997,Full Stack Developer,,scraped,2026-07-07T01:41:50.012199,
db6d6fdc6bf7eecc,https://mm.linkedin.com/jobs/view/v%C3%A1llalati-biztos%C3%ADt%C3%A1sok-kock%C3%A1zatv%C3%A1llal%C3%A1si-vezet%C5%91-at-union-prime-igazgat%C3%B3s%C3%A1g%E2%8E%9F%23unionprime-%E2%9D%A4%EF%B8%8F-4435820451,Vállalati biztosítások kockázatvállalási vezető,,scraped,2026-07-07T01:41:56.335464,
9a67a25ff060e299,https://mm.linkedin.com/jobs/view/category-manager-ott-content-and-credit-at-u9-4435207893,"Category Manager (OTT, Content and Credit)",U9,posted,2026-07-07T01:45:06.175836,96
a9d0fc46cc4cd2a6,https://mm.linkedin.com/jobs/view/campaign-communication-senior-specialist-at-u9-4435208788,Campaign Communication Senior Specialist,U9,posted,2026-07-07T01:45:15.571624,98
fa6edc8ef50e860f,https://mm.linkedin.com/jobs/view/senior-project-manager-at-international-rescue-committee-4436191730,Senior Project Manager,,scraped,2026-07-07T01:45:18.405387,
e4d502d5db5fb1f4,https://mm.linkedin.com/jobs/view/inge-qualit%C3%A9-batterie-de-traction-et-machine-electrique-v%C3%A9hicule-etech-h-f-at-expleo-group-4408779560,Inge Qualité Batterie de traction et machine electrique - véhicule Etech H/F,,scraped,2026-07-07T01:45:30.591906,
9356bc88b0131315,https://mm.linkedin.com/jobs/view/ing%C3%A9nieur-assurance-qualit%C3%A9-at-expleo-group-4436344046,ingénieur assurance qualité,,scraped,2026-07-07T01:45:38.019582,
f3c3685bfad873d6,https://mm.linkedin.com/jobs/view/solutions-business-analyst-manager-mfs-at-u9-4435218456,Solutions Business Analyst Manager (MFS),U9,posted,2026-07-07T01:45:53.024178,100
1416fa2d4a343d35,https://mm.linkedin.com/jobs/view/v%C3%A1llalati-vagyon-k%C3%A1rrendez%C3%A9si-vezet%C5%91-at-union-prime-igazgat%C3%B3s%C3%A1g%E2%8E%9F%23unionprime-%E2%9D%A4%EF%B8%8F-4435805848,Vállalati vagyon kárrendezési vezető,,scraped,2026-07-07T01:45:55.608172,
815e9269638486f3,https://mm.linkedin.com/jobs/view/sap-fico-consultant-at-sunfix-consulting-myanmar-4435047101,SAP FICO Consultant,,scraped,2026-07-07T01:48:56.662723,
1c1370e15d72ba4e,https://mm.linkedin.com/jobs/view/fieldwork-data-collection-partner-at-creative-consulting-services-limited-a-market-research-company-4435430901,Fieldwork Data Collection Partner,,scraped,2026-07-07T01:49:03.895165,
a7c67785def9380c,https://mm.linkedin.com/jobs/view/burmese-language-teacher-%2445-hr-remote-at-crossing-hurdles-4426232314,Burmese Language Teacher | $45/hr Remote,Crossing Hurdles,posted,2026-07-07T01:49:17.211598,102
e2e592a3aad19c60,https://mm.linkedin.com/jobs/view/account-executive-ap-full-set-of-accounts-at-fairdeal-co-ltd-4436067698,Account Executive ( AP & Full Set of Accounts ),,scraped,2026-07-07T01:49:20.051244,
d9fa297d4e901e5d,https://mm.linkedin.com/jobs/view/head-of-agency-at-prudential-myanmar-life-insurance-4427175914,Head of Agency,,scraped,2026-07-07T01:49:26.974524,
71b725d780038b81,https://mm.linkedin.com/jobs/view/branch-manager-nay-pyi-taw-at-manulife-4435057458,Branch Manager (Nay Pyi Taw),,scraped,2026-07-07T01:49:39.613753,
0a5b9771ea3d85b2,https://mm.linkedin.com/jobs/view/technical-advisor-ii-wash-shelter-infrastructure-myanmar-at-catholic-relief-services-4433703477,"Technical Advisor II, WASH, Shelter & Infrastructure - Myanmar",Catholic Relief Services,posted,2026-07-07T01:50:01.978435,104
2f5852327921160b,https://mm.linkedin.com/jobs/view/ingenj%C3%B6r-inom-produktionsteknik-at-alstom-4432270414,Ingenjör inom produktionsteknik,,scraped,2026-07-07T01:50:04.396690,
e930e249207f5fa4,https://mm.linkedin.com/jobs/view/area-manager-field-sales-at-dksh-4427011530,Area Manager Field Sales,,scraped,2026-07-07T01:50:11.082579,
80da6c65082f8d07,https://mm.linkedin.com/jobs/view/open-sollicitatie-at-bontrup-4436575806,Open sollicitatie,,scraped,2026-07-07T12:17:44.368707,
a049c589a25d2e7b,https://mm.linkedin.com/jobs/view/pr%C3%A9parateur-montage-at-expleo-group-4248232118,Préparateur montage,,scraped,2026-07-07T12:17:56.903925,
35bb1f213bc0b8e5,https://mm.linkedin.com/jobs/view/cashier-at-the-heineken-company-4436547201,Cashier,The HEINEKEN Company,posted,2026-07-07T12:18:15.339321,106
86680c6bd96115e0,https://mm.linkedin.com/jobs/view/access-safety-security-officer-at-international-rescue-committee-4435806449,"Access, Safety & Security Officer",International Rescue Committee,posted,2026-07-07T12:18:24.420795,108
3499bc3202f09c04,https://mm.linkedin.com/jobs/view/engineering-storekeeper-at-the-heineken-company-4436546225,Engineering Storekeeper,The HEINEKEN Company,posted,2026-07-07T12:18:37.015568,110
1689395b9666e080,https://mm.linkedin.com/jobs/view/pilote-am%C3%A9lioration-continue-at-expleo-group-4408798105,Pilote Amélioration continue,,scraped,2026-07-07T12:18:39.765953,
b89da16d242767b1,https://mm.linkedin.com/jobs/view/visa-officer-at-academia-education-4436536350,Visa Officer,Academia Education,posted,2026-07-07T12:18:54.870813,112
443e84c383764ced,https://mm.linkedin.com/jobs/view/protection-information-officer-at-international-rescue-committee-4435807358,Protection Information Officer,International Rescue Committee,posted,2026-07-07T12:19:04.295686,114
ca1b6e6d285972c7,https://mm.linkedin.com/jobs/view/category-manager-loyalty-health-and-education-at-u9-4435204941,"Category Manager (Loyalty, Health and Education)",U9,posted,2026-07-07T12:19:17.149218,116
83f4099ca6610030,https://mm.linkedin.com/jobs/view/project-manager-at-myanmar-thiha-group-of-companies-4436079682,Project Manager,MYANMAR THIHA GROUP OF COMPANIES,posted,2026-07-07T12:19:27.890089,118
561854197e8eae1a,https://mm.linkedin.com/jobs/view/area-sales-manager-at-super-seven-stars-group-of-companies-4436519830,Area Sales Manager,,scraped,2026-07-07T12:19:30.559567,
2008b981861d8324,https://mm.linkedin.com/jobs/view/teaching-assistant%0Aedv-2026-hpa-52876-at-ernulf-academy-4436460856,"Teaching Assistant
EDV/2026/HPA/52876",,scraped,2026-07-07T12:19:38.268284,
305b01a8b4979d38,https://mm.linkedin.com/jobs/view/procurement-manager-at-r%E1%B4%8F%CA%8F%E1%B4%80%CA%9F-m%E1%B4%8F%E1%B4%9B%E1%B4%8F%CA%80-g%CA%80%E1%B4%8F%E1%B4%9C%E1%B4%98-%E1%B4%8F%EA%9C%B0-c%E1%B4%8F%E1%B4%8D%E1%B4%98%E1%B4%80%C9%B4%C9%AA%E1%B4%87%EA%9C%B1-4435437390,Procurement Manager,,scraped,2026-07-07T12:19:45.217496,
aac3948f403c55af,https://mm.linkedin.com/jobs/view/associate-vendor-experience-at-foodpanda-4435442418,"Associate, Vendor Experience",,scraped,2026-07-07T12:19:56.654338,
6645b32c9fcc6f26,https://mm.linkedin.com/jobs/view/media-insight-client-development-manager-at-myanmar-marketing-research-development-ltd-mmrd-4433662724,Media Insight & Client Development Manager,Myanmar Marketing Research & Development Ltd. (MMRD),posted,2026-07-07T12:20:15.329809,120
2733ad330df8c4dc,https://mm.linkedin.com/jobs/view/b2b-manager-ict-solutions-at-u9-4435214543,"B2B Manager, ICT Solutions",U9,posted,2026-07-07T12:20:28.854145,122
d1119fe80a57c528,https://mm.linkedin.com/jobs/view/procurement-junior-officer-at-shwe-emperor-group-of-companies-limited-4436526520,Procurement Junior Officer,Shwe Emperor Group of Companies Limited,posted,2026-07-07T12:20:39.791006,124
f83c78b2d9b322c9,https://mm.linkedin.com/jobs/view/store-leader-convenience-store-at-super-seven-stars-group-of-companies-4435422016,Store Leader (Convenience Store),,scraped,2026-07-07T12:20:42.646239,
96bb21ba2fc28e2b,https://mm.linkedin.com/jobs/view/account-executive-inbound-la-d%C3%A9fense-h-f-at-numbr-lille-4437766440,Account Executive (Inbound) - La Défense H/F,,scraped,2026-07-07T12:20:50.648720,
37c452c9ba25ffee,https://mm.linkedin.com/jobs/view/egyetemi-docens-comenius-int%C3%A9zet-at-tokaj-school-of-wine-business-4436114045,Egyetemi Docens - Comenius Intézet,Tokaj School of Wine Business,posted,2026-07-07T12:21:16.293910,126
e25a45218dfd94d1,https://mm.linkedin.com/jobs/view/operation-performance-tracking-sr-specialist-at-u9-4435216437,Operation & Performance Tracking Sr. Specialist,U9,posted,2026-07-07T12:21:27.684377,128
acc1b81ce8103b73,https://mm.linkedin.com/jobs/view/terminalsupport-till-g%C3%A4vle-heltid-dag-dag-natt-alt-extra-%C3%B6ver-sommarperiod-at-dsv-global-transport-and-logistics-4406964658,"Terminalsupport till Gävle (Heltid dag, dag/natt alt. extra över sommarperiod)",,scraped,2026-07-07T12:21:30.108378,
65233410569ee933,https://mm.linkedin.com/jobs/view/hr-officer-operations-adminstration-at-telecom-international-myanmar-4435707862,HR Officer ( Operations & Adminstration ),Telecom International Myanmar,posted,2026-07-07T12:22:09.963263,130
b8a881dfe9ee2dfc,https://mm.linkedin.com/jobs/view/hr-admin-staff-naypyitaw-at-payme-solution-limited-4436530292,HR & Admin Staff (Naypyitaw),PayMe Solution Limited,posted,2026-07-07T12:22:30.968412,132
44789c1ed1877577,https://mm.linkedin.com/jobs/view/data-developer-at-manulife-4436537615,Data Developer,,scraped,2026-07-07T12:22:33.574644,
a7d9b645f2717d4f,https://mm.linkedin.com/jobs/view/human-resources-manager-at-super-stars-4436048231,Human Resources Manager,SUPER STARS,posted,2026-07-07T12:22:47.019084,134
0b17a37671444402,https://mm.linkedin.com/jobs/view/hr-officer-operarion-adminstration-at-telecom-international-myanmar-4435715514,HR Officer ( Operarion & Adminstration ),Telecom International Myanmar,posted,2026-07-07T12:23:25.862228,136
e228d5219bdc7526,https://mm.linkedin.com/jobs/view/assistant-fleet-manager-at-activo-myanmar-hr-outsourcing-service-4435016828,Assistant Fleet Manager,Activo Myanmar (HR Outsourcing Service),posted,2026-07-07T12:23:35.916103,138
33688a9a5bf76566,https://mm.linkedin.com/jobs/view/mehr-als-hv-%E2%80%93-gestalte-pharmazie-neu-at-landesapothekerkammer-baden-w%C3%BCrttemberg-4437175201,Mehr als HV – gestalte Pharmazie neu.,,scraped,2026-07-07T12:23:38.438853,
21936e5d9460a939,https://mm.linkedin.com/jobs/view/trade-marketing-executive-at-europe-asia-commercial-services-company-limited-4436068612,Trade Marketing Executive,,scraped,2026-07-07T12:23:45.551177,
b069c875bcea1c39,https://mm.linkedin.com/jobs/view/senior-technical-manager-at-world-vision-4437760017,Senior Technical Manager,,scraped,2026-07-07T12:23:55.254272,
a04e7f98b229a211,https://mm.linkedin.com/jobs/view/communications-assistant-at-impact-hub-yangon-4435022976,Communications Assistant,Impact Hub Yangon,posted,2026-07-07T12:24:18.697495,140
b2107f17b22935ba,https://mm.linkedin.com/jobs/view/business-development-executive-at-uab-bank-4385690219,Business Development Executive,,scraped,2026-07-07T12:24:21.293655,
c074fff5418e0dec,https://mm.linkedin.com/jobs/view/branch-manager-at-bnk-capital-myanmar-4435042228,Branch Manager,,scraped,2026-07-07T12:24:29.539358,
132ccc1428ed9aed,https://mm.linkedin.com/jobs/view/secretary-to-the-political-press-and-information-section-at-eubam-libya-4436320325,"Secretary to the Political, Press and Information Section",,scraped,2026-07-07T12:24:36.524444,
c4715f00dfc0ddf6,https://mm.linkedin.com/jobs/view/it-operations-lead-at-proximity-designs-4433176235,IT Operations Lead,,scraped,2026-07-07T12:24:45.464257,
24f7e3a720654adf,https://mm.linkedin.com/jobs/view/junior-accountant-at-poco-mobile-myanmar-4436547281,Junior Accountant,POCO Mobile Myanmar,posted,2026-07-07T12:25:05.015355,142
16af307684c041d7,https://mm.linkedin.com/jobs/view/finance-manager-at-danish-refugee-council-dansk-flygtningehj%C3%A6lp-4435060298,Finance Manager,,scraped,2026-07-07T12:25:07.736483,
09e182e129d786ca,https://mm.linkedin.com/jobs/view/senior-meal-manager-at-world-vision-4437754200,Senior MEAL Manager,,scraped,2026-07-07T12:25:20.907779,
83b975cc6c0e8dea,https://mm.linkedin.com/jobs/view/security-engineer-at-cb-bank-pcl-4432363585,Security Engineer,,scraped,2026-07-07T12:25:27.614081,
61af22b3b430d7da,https://mm.linkedin.com/jobs/view/customer-service-associate-at-aya-sompo-insurance-4436504771,Customer Service Associate,,scraped,2026-07-07T12:25:40.954491,
7b2e3207d060d3ab,https://mm.linkedin.com/jobs/view/media-insight-and-client-development-manager-at-myanmar-marketing-research-and-development-co-ltd-4435439232,Media Insight And Client Development Manager,,scraped,2026-07-07T12:25:59.070146,
baf6a93c3cbbf68c,https://mm.linkedin.com/jobs/view/senior-programme-manager-enterprise-development-and-innovation-at-oxfam-4433730811,Senior Programme Manager (Enterprise Development and Innovation),,scraped,2026-07-07T12:26:05.548777,
f4424bef52865550,https://mm.linkedin.com/jobs/view/marketing-manager-at-ascend-international-school-4435422770,Marketing Manager,,scraped,2026-07-07T12:26:12.060128,
831dee4b4347e0de,https://mm.linkedin.com/jobs/view/executive-sales-representative-at-marga-group-4432979118,Executive Sales Representative,,scraped,2026-07-07T12:26:19.360202,
673c50e109bff194,https://mm.linkedin.com/jobs/view/finance-manager-at-ocean-network-express-4435734587,Finance Manager,Ocean Network Express,posted,2026-07-07T12:26:35.587190,144
80e64dce1197feba,https://mm.linkedin.com/jobs/view/digital-marketing-executive-at-business-development-team-creation-myanmar-4436477582,Digital Marketing Executive,Business Development Team (Creation Myanmar),posted,2026-07-07T12:26:50.885514,146
a3286459fdb9d0df,https://mm.linkedin.com/jobs/view/chief-software-architect-4432350821,Chief Software Architect,MSED Project,posted,2026-07-07T12:27:01.158683,148
fd58a263af89b8b3,https://mm.linkedin.com/jobs/view/chinese-translator-cum-business-assistant-at-the-perpetual-company-limited-4436085620,Chinese Translator cum Business Assistant,,scraped,2026-07-07T12:27:03.722976,
52ef1f916f4222b6,https://mm.linkedin.com/jobs/view/cashier-at-blue-horizon-management-4436502600,Cashier,,scraped,2026-07-07T12:27:11.046673,
a7c1d6575151d05d,https://mm.linkedin.com/jobs/view/senior-sales-executive-air-freight-at-kln-freight-m-limited-4325658481,Senior Sales Executive (Air Freight),KLN Freight (M) Limited,posted,2026-07-07T12:27:36.530793,150
ee1662b4b471957c,https://mm.linkedin.com/jobs/view/digital-marketing-executive-at-canal%2B-myanmar-fg-4432302753,Digital Marketing Executive,CANAL+ Myanmar FG,posted,2026-07-07T12:27:44.635014,146
39cfbd6a61a31c66,https://mm.linkedin.com/jobs/view/charg%C3%A9-d-approvisionnement-junior-at-expleo-group-4432369882,Chargé d'Approvisionnement ( Junior),,scraped,2026-07-07T12:27:47.286013,
1d6b07c3fca2bfb8,https://mm.linkedin.com/jobs/view/charg%C3%A9-d-affaire-moyens-industriels-at-expleo-group-4249626319,Chargé d'Affaire Moyens Industriels,,scraped,2026-07-07T12:27:54.124351,
e4c093fc76cab051,https://mm.linkedin.com/jobs/view/finance-officer-at-international-rescue-committee-4435599964,Finance Officer,International Rescue Committee,posted,2026-07-07T12:28:11.138984,152
7995e9eba7e5cb1b,https://mm.linkedin.com/jobs/view/customer-contact-at-expleo-group-4436142529,Customer Contact,,scraped,2026-07-07T12:28:13.931214,
66a4f4b1433fee38,https://mm.linkedin.com/jobs/view/contr%C3%B4leur-de-gestion-operations-at-expleo-group-4417718556,Contrôleur de Gestion Operations,,scraped,2026-07-07T12:28:20.887652,
b50f157d48892afe,https://mm.linkedin.com/jobs/view/information-management-manager-at-international-rescue-committee-4436199253,Information Management Manager,International Rescue Committee,posted,2026-07-07T12:28:35.592765,154
a8cb8f3606428eea,https://mm.linkedin.com/jobs/view/channel-partner-compensation-senior-specialist-at-u9-4435217427,Channel Partner Compensation Senior Specialist,U9,posted,2026-07-07T12:28:44.768445,156
1145a344338fb833,https://mm.linkedin.com/jobs/view/business-development-officer-at-trust-oo-social-enterprise-4434617761,Business Development Officer,,scraped,2026-07-07T12:28:47.461819,
ecb617a354bee62a,https://mm.linkedin.com/jobs/view/activities-executive-at-asia-strategic-holdings-4436540155,Activities Executive,Asia Strategic Holdings,posted,2026-07-07T12:29:06.555234,158
489536b42266cecd,https://mm.linkedin.com/jobs/view/deputy-head-department-of-mis-at-sathapana-limited-myanmar-4436290749,Deputy Head Department of MIS,,scraped,2026-07-07T12:29:11.175495,
82e21dd302dee09a,https://mm.linkedin.com/jobs/view/secretary-to-board-of-director-at-global-technology-company-4436281985,Secretary to Board of Director,,scraped,2026-07-07T12:29:24.117237,
f2f3226c583f9fb2,https://mm.linkedin.com/jobs/view/site-reliability-senior-engineer-at-u9-4435211708,Site Reliability Senior Engineer,U9,posted,2026-07-07T12:29:39.193462,160
882f7d16b1123e49,https://mm.linkedin.com/jobs/view/media-buyer-at-yoe-yoe-shin-shin-marketing-agency-4416518117,Media Buyer,Yoe Yoe Shin Shin Marketing Agency,posted,2026-07-07T12:29:52.293387,162
2c8636a62ac6e52a,https://mm.linkedin.com/jobs/view/electronic-technician-at-ball-corporation-4428832380,Electronic Technician,Ball Corporation,posted,2026-07-07T12:30:03.130188,164
d3aebd13200708f3,https://mm.linkedin.com/jobs/view/senior-finance-executives-at-mmit-consulting-it-recruitment-company-4436064553,Senior Finance Executives,MMIT Consulting (IT Recruitment Company),posted,2026-07-07T12:30:16.538375,166
f4179312b92c5313,https://mm.linkedin.com/jobs/view/sales-marketing-manager-nilfisk-at-q-first-group-4436082520,Sales & Marketing Manager (Nilfisk),Q-First Group,posted,2026-07-07T12:30:37.138431,168
56ceade4f2b27a31,https://mm.linkedin.com/jobs/view/senior-design-engineer-at-indigo-energy-4436553118,Senior Design Engineer,Indigo Energy,posted,2026-07-07T12:30:50.363930,170
3f7cbf91016778eb,https://mm.linkedin.com/jobs/view/international-wash-cluster-coordinator-office-base-with-travel-emergency-unit-myanmar-yangon-8-months-at-unicef-4434657060,"International WASH Cluster Coordinator (office base with travel) Emergency Unit, Myanmar, Yangon 8 months",UNICEF,posted,2026-07-07T12:30:59.949279,172
84e480ba8c808863,https://mm.linkedin.com/jobs/view/senior-sales-executive-at-origin-business-solutions-4435416021,Senior Sales Executive,,scraped,2026-07-07T12:31:02.615009,
5352a4c6502275c8,https://mm.linkedin.com/jobs/view/freelance-quality-inspector-softline-at-qima-4317585552,Freelance Quality Inspector (Softline),,scraped,2026-07-07T12:31:08.987840,
7fef907111b046d9,https://mm.linkedin.com/jobs/view/senior-finance-account-at-ppe9-automobile-4435054366,Senior Finance & Account,PPE9 Automobile,posted,2026-07-07T12:31:26.410605,174
0bf59522203b9fc9,https://mm.linkedin.com/jobs/view/senior-accountant-at-global-wave-technology-4436522862,Senior Accountant,,scraped,2026-07-07T12:31:29.055680,
4a870fdb4bb7bdf2,https://mm.linkedin.com/jobs/view/karen-dialect-karenni-interpreter-opi-vri-at-big-language-solutions-4436242263,KAREN/Dialect Karenni Interpreter (OPI / VRI),BIG Language Solutions,posted,2026-07-07T12:31:44.759402,176
cd83c831f3023225,https://mm.linkedin.com/jobs/view/assistant-bid-writer-at-laing-o-rourke-4406201112,Assistant Bid Writer,Laing O'Rourke,posted,2026-07-07T12:31:54.736653,178
a8703f57fe7fc1a2,https://mm.linkedin.com/jobs/view/sales-and-marketing-executive-4436526840,Sales And Marketing Executive,Vélica Clinique,posted,2026-07-07T12:32:05.766889,180
02cae0ffeea69e3f,https://mm.linkedin.com/jobs/view/ing%C3%A9nieur-junior-ees-2026-at-expleo-group-4435196203,Ingénieur Junior EES 2026,,scraped,2026-07-07T12:32:08.374293,
0a191f257a6204e1,https://mm.linkedin.com/jobs/view/technicien-conception-m%C3%A9canique-h-f-at-expleo-group-4428819925,Technicien conception mécanique H/F,,scraped,2026-07-07T12:32:15.064511,
949fdf4c27e01897,https://mm.linkedin.com/jobs/view/senior-frontend-developer-wallet-at-binance-4246295927,Senior Frontend Developer - Wallet,Binance,posted,2026-07-07T12:32:31.678360,182
e27664421f03bbf3,https://mm.linkedin.com/jobs/view/t-l-tax-legal-mm-intern-1-at-deloitte-4427837714,T&L: Tax & Legal MM | Intern 1,Deloitte,posted,2026-07-07T12:32:51.950360,184
89440407cfc95995,https://mm.linkedin.com/jobs/view/customer-service-specialist-burmese-at-bybit-4436535696,Customer Service Specialist (Burmese),Bybit,posted,2026-07-07T20:33:18.624750,186
12684a840a9dcda8,https://mm.linkedin.com/jobs/view/area-sales-officer-at-the-heineken-company-4436538463,Area Sales Officer,The HEINEKEN Company,posted,2026-07-07T20:33:30.692246,188
8293001b0921c6df,https://mm.linkedin.com/jobs/view/hmong-english-interpreters-remote-opi-vri-at-intelex-4435217442,Hmong <> English Interpreters - Remote(OPI/VRI),INTELEX,posted,2026-07-07T20:33:40.546507,190
9918214c2820d237,https://mm.linkedin.com/jobs/view/customer-service-specialist-at-digmarit-ltd-4437826058,Customer Service Specialist,,scraped,2026-07-07T20:33:45.206485,
61628f60a4393a91,https://mm.linkedin.com/jobs/view/hr-and-admin-executive-at-linux-lab-4433149842,HR and Admin Executive,,scraped,2026-07-07T20:34:04.681035,
8d908ecdff33f8b9,https://mm.linkedin.com/jobs/view/alkatr%C3%A9sz-%C3%A9rt%C3%A9kes%C3%ADt%C5%91-at-unix-aut%C3%B3-4434375820,Alkatrész Értékesítő,,scraped,2026-07-07T20:34:32.371872,
9b27090322d18721,https://mm.linkedin.com/jobs/view/commercial-terrain-f-h-x-at-l-usine-nouvelle-4432793465,Commercial Terrain (F/H/X),L'Usine Nouvelle,posted,2026-07-07T20:34:54.310696,192
78e39823eb687a4a,https://mm.linkedin.com/jobs/view/internal-control-manager-temporary-at-jti-4432334740,Internal Control Manager (Temporary),JTI,posted,2026-07-07T20:35:22.934002,72
6834032a8c808157,https://mm.linkedin.com/jobs/view/odoo-functional-consultant-at-smei-4435069191,Odoo Functional Consultant,,scraped,2026-07-07T20:35:27.526017,
dd6a2f8f62c3a99d,https://mm.linkedin.com/jobs/view/business-development-executive-at-manufacturing-co-4436203036,Business Development Executive,Manufacturing Co,posted,2026-07-07T20:35:48.274378,194
4b0290ca353b90b3,https://mm.linkedin.com/jobs/view/assistant-marketing-manager-at-your-opportunity-4436066740,Assistant Marketing Manager,Your Opportunity,posted,2026-07-07T20:35:56.759215,196
1bed091fecd4aac9,https://mm.linkedin.com/jobs/view/finance-manager-at-z-productions-4436075370,Finance Manager,Z Productions,posted,2026-07-07T20:36:01.829351,144
a186dfe6d418778a,https://mm.linkedin.com/jobs/view/er-du-vores-nye-projektkoordinator%3F-g%C3%B8r-en-forskel-for-danmarks-st%C3%B8rste-kunder-hos-g4s-at-g4s-4437739682,Er du vores nye projektkoordinator? Gør en forskel for Danmarks største kunder hos G4S,,scraped,2026-07-07T20:36:08.324729,
30fe44763699aa40,https://mm.linkedin.com/jobs/view/assistant-o-m-coordinator-at-fortune-international-limited-4436528004,Assistant O&M Coordinator,Fortune International Limited,posted,2026-07-07T20:37:00.563702,198
1bdabfea8457577a,https://mm.linkedin.com/jobs/view/%C3%A1raz%C3%B3-aktu%C3%A1rius-at-union-prime-igazgat%C3%B3s%C3%A1g%E2%8E%9F%23unionprime-%E2%9D%A4%EF%B8%8F-4435818518,Árazó Aktuárius,,scraped,2026-07-07T20:37:05.353149,
89cc0ca1a84cfadb,https://mm.linkedin.com/jobs/view/senior-b2b-ict-solution-specialist-at-u9-4435208786,Senior B2B ICT Solution Specialist,U9,posted,2026-07-07T20:40:17.054099,200
009959638b6bede4,https://mm.linkedin.com/jobs/view/sheena-yap-chan-at-womentech-network-pakistan-4432382035,Sheena  Yap Chan,WomenTech Network Pakistan,posted,2026-07-07T20:40:29.411566,202
52bf3359f4d3a1f8,https://mm.linkedin.com/jobs/view/finance-manager-at-tumil-hr-4436540285,Finance Manager,Tumil HR,posted,2026-07-07T20:40:46.677965,144
af6ec1e0f6394e2c,https://mm.linkedin.com/jobs/view/corporate-sales-executive-at-global-pass-travel-4436043098,Corporate Sales Executive,Global Pass Travel,posted,2026-07-07T20:41:01.482342,204
61b2fc87b2b54bc9,https://mm.linkedin.com/jobs/view/sales-administrative-assistant-4435731019,Sales Administrative Assistant,"Shwin Holding Co., Ltd.",posted,2026-07-07T20:41:14.366743,206
d1f368138b0ac2ca,https://mm.linkedin.com/jobs/view/sales-executive-pharmaceutical-personal-care-at-jebsen-jessen-group-4436802431,"Sales Executive, Pharmaceutical & Personal Care",,scraped,2026-07-07T20:41:17.159341,
408d01911a7e293a,https://mm.linkedin.com/jobs/view/procurement-facilities-lead-at-expleo-group-4437187177,Procurement & Facilities Lead,,scraped,2026-07-07T20:41:41.827635,
bd28fffa8930e827,https://mm.linkedin.com/jobs/view/loyalty-senior-specialist-at-u9-4435213535,Loyalty Senior Specialist,U9,posted,2026-07-07T20:41:58.200806,208
8497e99f251b0341,https://mm.linkedin.com/jobs/view/ing%C3%A9nieur-m%C3%A9thodes-at-expleo-group-4427530462,ingénieur méthodes,,scraped,2026-07-07T20:42:04.862589,
0a04be7df163ca7b,https://mm.linkedin.com/jobs/view/assistant-fleet-manager-at-super-seven-stars-group-of-companies-4436287311,Assistant Fleet Manager,,scraped,2026-07-07T20:42:13.454943,
0316f26ed9977f01,https://mm.linkedin.com/jobs/view/fleet-assistant-manager-at-fortune-international-limited-4436097274,Fleet Assistant Manager,Fortune International Limited,posted,2026-07-07T20:43:12.512596,210
60baf719f27a03eb,https://mm.linkedin.com/jobs/view/dre-freinage-at-expleo-group-4427614295,DRE Freinage,,scraped,2026-07-07T20:43:15.239359,
8b84a6661ae35b0a,https://mm.linkedin.com/jobs/view/program-director-at-world-vision-4437736966,Program Director,,scraped,2026-07-07T20:43:25.865714,
26cb6bbc1323556b,https://mm.linkedin.com/jobs/view/asset-accounting-manager-at-u9-4435212695,Asset Accounting Manager,U9,posted,2026-07-07T20:43:50.529314,212
7c6c3ac37b15ac96,https://mm.linkedin.com/jobs/view/chef-de-projet-industriel-aero-at-expleo-group-4386335967,Chef de Projet Industriel AERO,,scraped,2026-07-07T20:43:53.247545,
b9a39cac8620de19,https://mm.linkedin.com/jobs/view/regional-field-marketing-manager-um-at-jti-4386878451,REGIONAL FIELD MARKETING MANAGER (UM),JTI,posted,2026-07-07T20:44:18.284157,214
d22e4506c6fbde54,https://mm.linkedin.com/jobs/view/partner-referens-at-union-prime-igazgat%C3%B3s%C3%A1g%E2%8E%9F%23unionprime-%E2%9D%A4%EF%B8%8F-4435819451,Partner referens,,scraped,2026-07-07T20:44:21.056247,
08943f424aef29d9,https://mm.linkedin.com/jobs/view/senior-legal-specialist-at-u9-4435207867,Senior Legal Specialist,U9,posted,2026-07-07T20:47:34.827007,216
e85869b05d9bf317,https://mm.linkedin.com/jobs/view/senior-territory-sales-executive-pyay-at-u9-4435206890,Senior Territory Sales Executive - Pyay,U9,posted,2026-07-07T20:47:49.326339,218
3d4d4a0ed11ed31c,https://mm.linkedin.com/jobs/view/transcription-specialist-%E2%80%93-burmese-%2445-hr-remote-at-crossing-hurdles-4426231380,Transcription Specialist – Burmese | $45/hr Remote,Crossing Hurdles,posted,2026-07-07T20:48:12.058220,220
52bbb81d260d2c91,https://mm.linkedin.com/jobs/view/intern-maintenance-mechanical-at-sembcorp-industries-ltd-4426924652,Intern (Maintenance - Mechanical),,scraped,2026-07-07T20:48:16.414836,
53510e2dca63d861,https://mm.linkedin.com/jobs/view/verk%C3%A4ufer-an-kasse-und-bistro-m-w-d-at-aral-4436235214,Verkäufer an Kasse und Bistro (m/w/d),,scraped,2026-07-07T20:48:24.479634,
fdda892562a2a72b,https://mm.linkedin.com/jobs/view/ios-developer-part-time-at-shopdoora-4436095071,iOS Developer (Part-time),,scraped,2026-07-07T20:48:30.799650,
98285e44c617be4b,https://mm.linkedin.com/jobs/view/it-support-at-kma-group-of-companies-4436878860,IT Support,,scraped,2026-07-08T06:46:05.616287,
e4613d1701bf9cf6,https://mm.linkedin.com/jobs/view/talent-acquisition-specialist-at-shwe-than-lwin-group-4436541361,Talent Acquisition Specialist,Shwe Than Lwin Group,posted,2026-07-08T06:46:45.586428,232
3a348fdf81772892,https://mm.linkedin.com/jobs/view/manager-p-c-operations-total-rewards-at-carlsberg-group-4434625256,"Manager, P&C Operations & Total Rewards",,scraped,2026-07-08T06:46:48.206903,
ce10dc317aa9eb9d,https://mm.linkedin.com/jobs/view/procurement-coordinator-at-mhcs-opportunities-4436507494,Procurement Coordinator,MHCS Opportunities,posted,2026-07-08T06:47:03.619958,234
e1cf2a5824a92418,https://mm.linkedin.com/jobs/view/zam%C4%9Bstnanec-prodejny-at-action-4427551008,Zaměstnanec prodejny,,scraped,2026-07-08T06:47:06.131165,
a4eb0ae1870d9734,https://mm.linkedin.com/jobs/view/internal-communications-manager-at-u9-4435215505,Internal Communications Manager,U9,posted,2026-07-08T06:47:25.308011,236
7ba25810741b6d4c,https://mm.linkedin.com/jobs/view/category-specialist-at-super-seven-stars-group-of-companies-4436278444,Category Specialist,,scraped,2026-07-08T06:47:29.813029,
52be58a618cd0847,https://mm.linkedin.com/jobs/view/quality-assurance-training-specialist-mandalay-based-at-u9-4435205869,Quality Assurance & Training Specialist (Mandalay Based),U9,posted,2026-07-08T06:47:49.330024,238
c5ad238ad7468535,https://mm.linkedin.com/jobs/view/affiliate-relationship-manager-at-binance-4335721542,Affiliate Relationship Manager,Binance,posted,2026-07-08T06:47:59.831674,240
48245d674f796ffd,https://mm.linkedin.com/jobs/view/mid-level-qa-tester-at-myancare-telemedicine-digital-healthcare-4436502949,Mid-level QA Tester,,scraped,2026-07-08T06:48:18.336992,
6ddcb44e1aa79b10,https://mm.linkedin.com/jobs/view/area-sales-officer-at-heineken-vietnam-4437776781,Area Sales Officer,,scraped,2026-07-08T06:48:26.500101,
c2f7d8530353c3a8,https://mm.linkedin.com/jobs/view/people-culture-officer-at-doh-eain-4436519259,People & Culture Officer,,scraped,2026-07-08T06:48:51.406586,
6cc23da81fcbdb71,https://mm.linkedin.com/jobs/view/internal-auditor-at-upg-united-paints-group-4436502874,Internal Auditor,UPG - United Paints Group,posted,2026-07-08T06:49:09.382701,242
0267e645c21bbd20,https://mm.linkedin.com/jobs/view/strategic-partnership-manager-at-mo-4436892591,Strategic & Partnership Manager,,scraped,2026-07-08T06:49:16.072834,
5119185513fbec86,https://mm.linkedin.com/jobs/view/opening-planogram-executive-at-super-seven-stars-group-of-companies-4436276761,Opening & Planogram Executive,,scraped,2026-07-08T06:49:36.953771,
5280319d3ff7b7d8,https://mm.linkedin.com/jobs/view/video-editor-at-saturday-education-consulting-4435771883,Video Editor,,scraped,2026-07-08T06:49:45.249107,
b8c495d7dc739f61,https://mm.linkedin.com/jobs/view/compensation-and-benefits-specialist-at-kbzms-general-insurance-4436518141,Compensation and Benefits Specialist,KBZMS General Insurance,posted,2026-07-08T06:50:06.740363,244
31ed61aeda6b6190,https://mm.linkedin.com/jobs/view/ing%C3%A9nieur-be-f-h-at-l-usine-nouvelle-4432751959,Ingénieur BE (F/H),L'Usine Nouvelle,posted,2026-07-08T06:50:20.993064,246
f8824b7efbdcd9b2,https://mm.linkedin.com/jobs/view/senior-content-writer-at-beyond-360-4436523679,Senior Content Writer,,scraped,2026-07-08T06:50:27.589035,
413fb28be51cf280,https://mm.linkedin.com/jobs/view/software-sales-representative-at-edka-digital-4432523299,Software Sales Representative,EDKA Digital,posted,2026-07-08T06:50:51.696616,248
bc7725fc67513ccd,https://mm.linkedin.com/jobs/view/atl-marketing-manager-at-otsuka-myanmar-co-ltd-4437001357,ATL Marketing Manager,,scraped,2026-07-08T06:50:54.278186,
d6fc32a82db0bc53,https://mm.linkedin.com/jobs/view/financial-planning-and-analysis-specialist-at-asia-strategic-holdings-4436538150,Financial Planning and Analysis Specialist,Asia Strategic Holdings,posted,2026-07-08T06:51:18.568818,250
67e4d63da48007fd,https://mm.linkedin.com/jobs/view/activation-executive-at-super-seven-stars-group-of-companies-4436245195,Activation Executive,,scraped,2026-07-08T06:51:25.139114,
4156f2d1c54ce8c3,https://mm.linkedin.com/jobs/view/data-center-network-administration-assistant-unit-manager-at-sathapana-limited-myanmar-4435048528,Data Center & Network Administration Assistant Unit Manager,,scraped,2026-07-08T06:51:37.354405,
bef42d7579511c4d,https://mm.linkedin.com/jobs/view/sales-manager-media-advertising-at-edka-digital-4436897663,Sales Manager (Media & Advertising),EDKA Digital,posted,2026-07-08T06:52:04.458057,252
427a26dd7b445872,https://mm.linkedin.com/jobs/view/customer-service-officer-at-maxim-order-service-4436083934,Customer Service Officer,,scraped,2026-07-08T06:52:10.857992,
52a332fa0d6f5d9d,https://mm.linkedin.com/jobs/view/senior-system-engineer-at-myanmar-technopreneur-academy-mta-4434594765,Senior System Engineer.,,scraped,2026-07-08T06:52:26.683625,
b60eb0ceb60af893,https://mm.linkedin.com/jobs/view/executive-assistant-to-the-national-service-manager-%E2%80%93-pest-control-at-commercial-pest-services-4436293098,Executive Assistant to the National Service Manager – Pest Control,,scraped,2026-07-08T06:52:42.729284,
af25d54755809c2d,https://mm.linkedin.com/jobs/view/ing%C3%A9nieur-qualit%C3%A9-at-expleo-group-4408797107,Ingénieur Qualité,,scraped,2026-07-08T06:53:07.752236,
37c6a8c7ba73acd4,https://mm.linkedin.com/jobs/view/burmese-language-translator-%2445-hr-remote-at-crossing-hurdles-4426244238,Burmese Language Translator | $45/hr Remote,Crossing Hurdles,posted,2026-07-08T06:53:24.124476,254
446bfe556d67106d,https://mm.linkedin.com/jobs/view/head-of-partnership-distribution-at-prudential-myanmar-life-insurance-4427176898,Head of Partnership Distribution,,scraped,2026-07-08T06:53:26.762348,
0dd0d619e0ec1a9b,https://mm.linkedin.com/jobs/view/myanmar-online-language-school-franchise-partnership-at-lingua-learn-franchise-group-4437747986,Myanmar Online Language School Franchise Partnership,Lingua Learn Franchise Group,posted,2026-07-08T06:53:53.491550,256
abcfeafdd440ea65,https://mm.linkedin.com/jobs/view/docent-beeldende-vorming-en-ckv-at-guido-de-br%C3%A8s-marnix-revius-de-swaef-de-burcht-4434542904,Docent beeldende vorming en ckv,,scraped,2026-07-08T06:54:00.019466,
6212392729db0f9b,https://mm.linkedin.com/jobs/view/senior-advisor-japanese-snack-manufacturing-at-mhcs-opportunities-4437013168,Senior Advisor (Japanese Snack Manufacturing),MHCS Opportunities,posted,2026-07-08T06:54:20.786317,258
f5202b84eb76ee0c,https://mm.linkedin.com/jobs/view/sales-executive-4435421427,Sales Executive,China - Myanmar Logistics Services,posted,2026-07-08T06:54:35.492445,56
8cccf96299243191,https://mm.linkedin.com/jobs/view/ing%C3%A9nieur-conception-m%C3%A9canique-h-f-at-expleo-group-4428831870,Ingénieur conception mécanique H/F,,scraped,2026-07-08T06:54:42.045437,
f2534ea96527781b,https://mm.linkedin.com/jobs/view/early-careers-geoscience-petrotechnical-at-slb-4434645077,Early Careers - Geoscience&Petrotechnical,SLB,posted,2026-07-08T13:20:32.755507,260
3b725b28c5130658,https://mm.linkedin.com/jobs/view/kierownik-k-m-%E2%80%93-dzia%C5%82-techniczny-at-miejskie-wodoci%C4%85gi-i-kanalizacja-w-bydgoszczy-4436947990,KIEROWNIK (k/m) – Dział Techniczny,,scraped,2026-07-08T13:20:35.184244,
f9e8c68a1050796d,https://mm.linkedin.com/jobs/view/license-owner-operator-yangon-at-stranger-soccer-4438174922,"License Owner / Operator, Yangon",,scraped,2026-07-08T13:21:03.961311,
722f267466c02d1a,https://mm.linkedin.com/jobs/view/stock-controller-at-super-seven-stars-group-of-companies-4436511391,Stock Controller,,scraped,2026-07-08T13:21:13.871162,
f6c26801c9e6c416,https://mm.linkedin.com/jobs/view/digital-marketing-executive-at-myanmar-technopreneur-academy-mta-4434593712,Digital Marketing Executive,,scraped,2026-07-08T13:21:36.103951,
9cc9e0a5d1179b90,https://mm.linkedin.com/jobs/view/sales-representative-at-dksh-4434826235,Sales Representative,,scraped,2026-07-08T13:21:48.612268,
e5d4289f1129a707,https://mm.linkedin.com/jobs/view/construction-project-manager-at-hire-me-4437016790,Construction Project Manager,,scraped,2026-07-08T13:22:04.413871,
10baf0b24b17b668,https://mm.linkedin.com/jobs/view/senior-executive-procurement-local-packaging-at-grand-royal-group-international-4437032115,Senior Executive - Procurement (Local Packaging),Grand Royal Group International,posted,2026-07-08T13:22:28.666922,262
2ffa1b93d1bb2db7,https://mm.linkedin.com/jobs/view/report-development-manager-at-u9-4435218435,Report Development Manager,U9,posted,2026-07-08T13:22:38.618892,264
395b47a0a47667b0,https://mm.linkedin.com/jobs/view/network-telecommunications-engineer-at-myanmar-broadband-telecom-co-ltd%EF%BC%88mbt%EF%BC%89-4437037107,Network Telecommunications Engineer,,scraped,2026-07-08T13:22:43.181735,
e284c5a498a1974c,https://mm.linkedin.com/jobs/view/business-development-support-at-cb-bank-pcl-4436075139,Business Development Support,,scraped,2026-07-08T13:22:54.222460,
51c9547f5954ec8f,https://mm.linkedin.com/jobs/view/business-development-manager-for-international-student-recruitment-at-global-university-systems-4437851233,Business Development Manager for International Student Recruitment,,scraped,2026-07-08T13:23:06.871418,
3732d51f40ce7267,https://mm.linkedin.com/jobs/view/data-center-network-administration-unit-officer-at-sathapana-limited-myanmar-4437027032,Data Center & Network Administration Unit Officer,,scraped,2026-07-08T13:23:13.353336,
5437a8e3be722ce4,https://mm.linkedin.com/jobs/view/senior-program-manager-at-world-vision-4437758038,Senior Program Manager,,scraped,2026-07-08T13:23:24.291390,
3278f9c52c30afa3,https://mm.linkedin.com/jobs/view/logistician-4436503591,Logistician,ingo staff,posted,2026-07-08T13:23:37.971916,266
6c6eb3b8e41a2d1b,https://mm.linkedin.com/jobs/view/utasbiztos%C3%ADt%C3%A1si-partner-referens-at-union-prime-igazgat%C3%B3s%C3%A1g%E2%8E%9F%23unionprime-%E2%9D%A4%EF%B8%8F-4436929197,Utasbiztosítási partner referens,,scraped,2026-07-08T13:23:40.651826,
77ec9d55bc7affd6,https://mm.linkedin.com/jobs/view/secretary-at-machinery-and-solutions-co-ltd-4437019958,Secretary,,scraped,2026-07-08T13:26:48.247776,
9ccae8f70476fca4,https://mm.linkedin.com/jobs/view/sales-manager-digital-marketing-at-edka-digital-4437003390,Sales Manager (Digital Marketing),EDKA Digital,posted,2026-07-08T13:27:08.190717,268
f44b59b342bf1a4e,https://mm.linkedin.com/jobs/view/deputy-retail-operation-manager-at-a-sure-company-4437034038,Deputy Retail Operation Manager,,scraped,2026-07-08T13:27:13.094293,
e5f9d4db13ea92fa,https://mm.linkedin.com/jobs/view/logistics-manager-at-royal-care-plus-myanmar-4437031310,Logistics Manager,,scraped,2026-07-08T13:27:23.896050,
d231066dd0db0ce9,https://mm.linkedin.com/jobs/view/digital-solutions-consultant-b2b-sales-at-fluxion-technology-4436065212,Digital Solutions Consultant (B2B Sales),,scraped,2026-07-08T13:27:30.913443,
4bbe6c73b41ce4ac,https://mm.linkedin.com/jobs/view/jr-digital-marketing-executive-at-shichida-myanmar-4436890726,Jr Digital Marketing Executive,,scraped,2026-07-08T13:27:37.212283,
3cf183259fb7d383,https://mm.linkedin.com/jobs/view/senior-accounting-staff-at-peace-myanmar-electric-holding-co-ltd-4437016482,Senior Accounting Staff,"Peace Myanmar Electric Holding Co., Ltd.",posted,2026-07-08T13:27:58.381007,270
5e55fb98c7ebad15,https://mm.linkedin.com/jobs/view/clinical-pharmacist-at-save-on-foods-4437154451,Clinical Pharmacist,Save-On-Foods,posted,2026-07-08T13:28:18.404376,272
f9a0a681322368f4,https://mm.linkedin.com/jobs/view/finance-planning-analyst-assistant-vice-president-finance-mis-department-at-mab-4436893456,Finance Planning & Analyst (Assistant Vice President-Finance & MIS Department),MAB,posted,2026-07-08T13:28:32.691028,274
f83b434352e69c4b,https://mm.linkedin.com/jobs/view/g%C3%A9om%C3%A8tre-at-expleo-group-4438222133,Géomètre,,scraped,2026-07-08T13:28:35.156580,
f42bbba5a877fd69,https://mm.linkedin.com/jobs/view/office-cashier-4435431615,Office Cashier,"TRUEMED PHARMA Co., Ltd.",posted,2026-07-08T13:29:00.511653,276
dbabe626fc4a72bf,https://mm.linkedin.com/jobs/view/vip-sales-manager-sea-at-binance-4415781461,"VIP Sales Manager, SEA",Binance,posted,2026-07-08T13:29:18.499239,278
a12a9d19a8c0c7da,https://mm.linkedin.com/jobs/view/assistant-chief-accountant-at-fairdeal-co-ltd-4436055970,Assistant Chief Accountant,,scraped,2026-07-08T13:29:21.034082,
e2c72a74b062a3b8,https://mm.linkedin.com/jobs/view/sales-representative-at-dksh-4434819835,Sales Representative,,scraped,2026-07-08T13:29:27.576604,
2a8a2b01b8c1c16d,https://mm.linkedin.com/jobs/view/call-center-representative-at-blue-ocean-operating-management-co-ltd-4436862274,Call Center Representative,"Blue Ocean Operating Management Co., Ltd.",posted,2026-07-08T13:29:48.734679,280
e2f04b665238957e,https://mm.linkedin.com/jobs/view/%F0%9D%90%92%F0%9D%90%9A%F0%9D%90%A5%F0%9D%90%9E%F0%9D%90%AC-%F0%9D%90%8C%F0%9D%90%9A%F0%9D%90%AB%F0%9D%90%A4%F0%9D%90%9E%F0%9D%90%AD%F0%9D%90%A2%F0%9D%90%A7%F0%9D%90%A0-%F0%9D%90%8C%F0%9D%90%9A%F0%9D%90%A7%F0%9D%90%9A%F0%9D%90%A0%F0%9D%90%9E%F0%9D%90%AB-at-hire-me-4436508866,𝐒𝐚𝐥𝐞𝐬 & 𝐌𝐚𝐫𝐤𝐞𝐭𝐢𝐧𝐠 𝐌𝐚𝐧𝐚𝐠𝐞𝐫,,scraped,2026-07-08T13:29:53.643783,
d19cffd60ff569bd,https://mm.linkedin.com/jobs/view/pyp-homeroom-%E2%80%93-ib-international-school-in-mandalay-myanmar-%E2%80%93-start-august-2026-asq-international-at-guardian-jobs-4435741791,"PYP Homeroom – IB International School in Mandalay, Myanmar – Start August 2026, ASQ INTERNATIONAL",,scraped,2026-07-08T13:30:02.158576,
3343d59b8715cf8a,https://mm.linkedin.com/jobs/view/sr-sales-analyst-bancassurance-at-a-life-insurance-4436081662,Sr/Sales Analyst (Bancassurance),A Life Insurance,posted,2026-07-08T13:30:19.244337,282
63c1febe75c3a63d,https://mm.linkedin.com/jobs/view/account-and-finance-manager-4437008087,Account and Finance Manager,Hledan Centre Management Co.Ltd,posted,2026-07-08T13:30:28.766717,284
c72be678fa877c59,https://mm.linkedin.com/jobs/view/data-analyst-4436551040,Data Analyst,CIS HTOO Holding Company,posted,2026-07-08T13:30:37.354263,286
58c42b0df62780a2,https://mm.linkedin.com/jobs/view/bilingual-expert-burmese-%2445-hr-remote-at-crossing-hurdles-4426250109,Bilingual Expert - Burmese | $45/ hr Remote,Crossing Hurdles,posted,2026-07-08T13:30:51.291377,288
93591a17cdbb4531,https://mm.linkedin.com/jobs/view/pre%C4%8D%C3%ADta%C5%A5-cel%C3%BD-rozhovor-s-helen-at-hypo-consulting-s-r-o-4434842828,Prečítať celý rozhovor s Helen,,scraped,2026-07-08T13:30:55.858693,
7cb355a8bba906ae,https://mm.linkedin.com/jobs/view/national-consultant-for-documentation-and-knowledge-management-wgf-programme-at-international-civil-aviation-organization-4438149820,"National Consultant for Documentation and Knowledge Management, WGF Programme",International Civil Aviation Organization,posted,2026-07-08T13:31:22.116397,290
d2f9ed428eba02f5,https://mm.linkedin.com/jobs/view/junior-auditor-yangon-at-europe-asia-commercial-services-company-limited-4436880817,Junior Auditor (Yangon),,scraped,2026-07-08T13:31:30.745562,
f3c0b85e68cca6cb,https://mm.linkedin.com/jobs/view/relief-pharmacist-lower-mainland-at-save-on-foods-4437143895,Relief Pharmacist (Lower Mainland),Save-On-Foods,posted,2026-07-08T13:31:56.687411,292
fe827a67f39731e0,https://mm.linkedin.com/jobs/view/cashier-at-the-heineken-myanmar-4437795079,Cashier,The HEINEKEN Myanmar,posted,2026-07-08T18:56:55.055675,106
db67527b8eeee9ee,https://mm.linkedin.com/jobs/view/inspecteur-qualit%C3%A9-h-f-at-expleo-group-4361552885,Inspecteur qualité H/F,,scraped,2026-07-08T18:57:03.733586,
a4eabfda3d21bac9,https://mm.linkedin.com/jobs/view/intermodal-product-executive-at-a-p-moller-maersk-4426821004,Intermodal Product Executive,,scraped,2026-07-08T18:57:40.668268,
473a330636a9e0ff,https://mm.linkedin.com/jobs/view/senior-database-admin-dba-at-payme-solution-limited-4437015569,Senior Database Admin (DBA),PayMe Solution Limited,posted,2026-07-08T18:58:06.120706,294
c6cde873ee5674e2,https://mm.linkedin.com/jobs/view/key-account-manager-sport-lifestyle-at-emers-vietnam-4437023163,Key Account Manager (Sport & Lifestyle),,scraped,2026-07-08T18:58:26.817842,
dc3aea6857def416,https://mm.linkedin.com/jobs/view/assistant-risk-compliance-manager-at-hana-microfinance-4435410178,Assistant Risk & Compliance Manager,,scraped,2026-07-08T18:58:35.378077,
5cf029feca1a4a0e,https://mm.linkedin.com/jobs/view/chauffeur-laag-en-middencomplexe-ambulancezorg-at-de-mensen-van-de-ambulance-4434801174,Chauffeur laag- en middencomplexe ambulancezorg,De mensen van de ambulance,posted,2026-07-08T18:59:00.134190,296
0127d78c2f28a1d8,https://mm.linkedin.com/jobs/view/investment-associate-at-proximity-finance-4435418217,Investment Associate,Proximity Finance,posted,2026-07-08T18:59:11.839264,298
9e15ec04642e6a88,https://mm.linkedin.com/jobs/view/strategic-communications-planner-at-mango-advertising-company-4437027360,Strategic Communications Planner,Mango Advertising Company,posted,2026-07-08T18:59:27.298061,300
ebee2d72e97befe2,https://mm.linkedin.com/jobs/view/head-of-architecture-at-40hrs-myanmar-4437733225,Head of Architecture,,scraped,2026-07-08T18:59:29.962819,
a8451b7ab607e59d,https://mm.linkedin.com/jobs/view/operations-associate-at-aya-sompo-insurance-4437014640,Operations Associate,,scraped,2026-07-08T18:59:37.239573,
40cbdb4c9eff0c51,https://mm.linkedin.com/jobs/view/vice-president-corporate-credit-risk-at-yoma-bank-4437016238,Vice President - Corporate Credit Risk,,scraped,2026-07-08T18:59:59.656570,
a4147d38f02ce4a1,https://mm.linkedin.com/jobs/view/senior-executive-pr-at-ruder-finn-era-4436899629,Senior Executive (PR),,scraped,2026-07-08T19:00:13.679396,
5528c34887bb23c9,https://mm.linkedin.com/jobs/view/finance-manager-at-drc-kenya-4437886214,Finance Manager,,scraped,2026-07-08T19:00:20.779815,
1c97931928b50e16,https://mm.linkedin.com/jobs/view/deputy-manager-business-development-at-aya-myanmar-life-assurance-4436506903,Deputy Manager Business Development,,scraped,2026-07-08T19:00:38.424369,
a52f76e50ad18fe4,https://mm.linkedin.com/jobs/view/brand-communication-associate-at-otsuka-myanmar-co-ltd-4436893632,Brand Communication Associate,,scraped,2026-07-08T19:00:48.895136,
7776f0f19d007d5b,https://mm.linkedin.com/jobs/view/compensation-benefits-senior-manager-at-u9-4435207879,Compensation & Benefits Senior Manager,U9,posted,2026-07-08T19:01:07.590730,302
8a57564bf75aac1c,https://mm.linkedin.com/jobs/view/finance-officer-at-saturday-education-consulting-4437048480,Finance Officer,,scraped,2026-07-08T19:01:10.271402,
069bbd4aed3db0f9,https://mm.linkedin.com/jobs/view/graphic-designer-at-dksh-4434854361,Graphic Designer,,scraped,2026-07-08T19:01:32.051872,
077fcc5e2d49d120,https://mm.linkedin.com/jobs/view/digital-marketing-communications-associate-at-growth-session-myanmar-maternal-care-support-4437046154,Digital Marketing & Communications Associate,Growth Session Myanmar - Maternal Care & Support,posted,2026-07-08T19:01:52.581787,304
ffb6a59b13348fd2,https://mm.linkedin.com/jobs/view/backend-developer-java-at-expleo-group-4323907522,Backend developer (java),,scraped,2026-07-08T19:01:59.184562,
dc7b9835e6efe928,https://mm.linkedin.com/jobs/view/internal-audit-officer-4435008917,Internal Audit Officer,LOLC Myanmar Micro-Finance Company Limited.,posted,2026-07-08T19:02:22.907287,306
3649f0cc19d5bb7d,https://mm.linkedin.com/jobs/view/frontend-developer-at-payme-solution-limited-4437006668,Frontend Developer,PayMe Solution Limited,posted,2026-07-08T19:02:37.471974,308
d94e2310173e39e5,https://mm.linkedin.com/jobs/view/representative-field-sales-at-dksh-4434834041,Representative Field Sales,,scraped,2026-07-08T19:02:46.088211,
6472ca9976190a66,https://mm.linkedin.com/jobs/view/sr-t-intern-valuation-modeling-myanmar-at-deloitte-4437056335,"SR&T Intern, Valuation & Modeling - Myanmar",Deloitte,posted,2026-07-08T19:03:17.908800,310
79cd895d820c36f9,https://mm.linkedin.com/jobs/view/electronic-technician-at-ball-corporation-4428810775,Electronic Technician,Ball Corporation,posted,2026-07-08T19:03:33.137584,164
9eaf9966c07e1586,https://mm.linkedin.com/jobs/view/responsable-immobilier-moyens-g%C3%A9n%C3%A9raux-r%C3%A9gional-h-f-at-viasant%C3%A9-mutuelle-4407879726,Responsable Immobilier & Moyens Généraux Régional H/F,,scraped,2026-07-08T19:03:35.802687,
6dca8095cf8d10af,https://mm.linkedin.com/jobs/view/sales-executive-4436060651,Sales Executive,"WOW Sports Cultural & Development Co.,Ltd",posted,2026-07-08T19:03:45.781774,56
cb97ddd9c620a41b,https://mm.linkedin.com/jobs/view/business-development-manager-education-at-myanmar-technopreneur-academy-mta-4434806059,Business Development Manager (Education),,scraped,2026-07-08T23:45:04.288318,
1832c5640514eb05,https://mm.linkedin.com/jobs/view/report-development-specialist-at-u9-4435204946,Report Development Specialist,U9,posted,2026-07-08T23:46:04.831387,312
a77a120c1a007fe0,https://mm.linkedin.com/jobs/view/accountant-at-city-solutions-center-limited-4436898077,Accountant,City Solutions Center Limited,posted,2026-07-08T23:46:19.045867,48
12817c6f37fddaf6,https://mm.linkedin.com/jobs/view/structural-design-engineer-at-national-tower-development-myanmar-limited-4436889672,Structural Design Engineer,,scraped,2026-07-08T23:47:21.632340,
87f9feee16bf2be5,https://mm.linkedin.com/jobs/view/digital-marketing-manager-at-red-blue-4435406505,Digital Marketing Manager,RED BLUE,posted,2026-07-08T23:47:38.776349,314
35ce6b75c75a8556,https://mm.linkedin.com/jobs/view/education-counsellor-remote-job-at-intel-bridge-education-4438610594,Education Counsellor ( Remote Job ),Intel-Bridge Education,posted,2026-07-09T11:25:18.362997,316
f6ac0e8cb8d60c36,https://mm.linkedin.com/jobs/view/hse-officer-at-ap-towers-4436058671,HSE Officer,,scraped,2026-07-09T11:25:31.110830,
d400881df528cc54,https://mm.linkedin.com/jobs/view/project-coordinator-software-development-at-pls-4436498597,Project Coordinator (Software Development),PLS,posted,2026-07-09T11:25:43.706874,318
bff414375c016618,https://mm.linkedin.com/jobs/view/finance-assistant-at-yemen-loan-guarantee-ylg-4437312922,Finance Assistant,,scraped,2026-07-09T11:25:50.316285,
5839a3f5395a0ba8,https://mm.linkedin.com/jobs/view/expression-of-interest-eoi-at-yemen-loan-guarantee-ylg-4437320697,Expression of Interest (EOI),,scraped,2026-07-09T11:26:10.521470,
29d6fe361f6831e7,https://mm.linkedin.com/jobs/view/programme-analyst-at-undp-careers-4438547871,Programme Analyst,UNDP Careers,posted,2026-07-09T11:26:26.716506,320
fef9a22ead3e1f22,https://mm.linkedin.com/jobs/view/manager-%E2%80%93-group-sustainability-at-yoma-group-4437378433,Manager – Group Sustainability,,scraped,2026-07-09T11:26:31.306149,
ec5e98924a9e9837,https://mm.linkedin.com/jobs/view/cashier-at-marga-group-4437027548,Cashier,,scraped,2026-07-09T11:26:39.665787,
130f46769f55e2b9,https://mm.linkedin.com/jobs/view/human-resources-officer-payroll-and-benefit-at-cpp-myanmar-4437358037,Human Resources Officer (Payroll and Benefit),CPP Myanmar,posted,2026-07-09T11:27:51.775791,322
42745e1fbba82bbd,https://mm.linkedin.com/jobs/view/e-commerce-executive-adidas-ipanema-crocs-at-blazon-group-4437017842,E-commerce Executive  ( Adidas / Ipanema / Crocs  ),BLAZON GROUP,posted,2026-07-09T11:28:04.734322,324
4c5fca99f750ddbb,https://mm.linkedin.com/jobs/view/business-development-executive-at-success-admissions-center-4435645338,Business Development Executive,,scraped,2026-07-09T11:28:13.324480,
121aba583012634a,https://mm.linkedin.com/jobs/view/security-area-officer-at-pssm-paladin-security-services-myanmar-4437336767,Security Area Officer,PSSM Paladin Security Services Myanmar,posted,2026-07-09T11:28:40.658058,326
9b29c4887b32df2e,https://mm.linkedin.com/jobs/view/guarantee-assistant-at-yemen-loan-guarantee-ylg-4437332022,Guarantee Assistant,,scraped,2026-07-09T11:28:45.247746,
9ca2155bd425ed39,https://mm.linkedin.com/jobs/view/risk-assistant-at-yemen-loan-guarantee-ylg-4437330110,Risk Assistant,,scraped,2026-07-09T11:28:57.366409,
ce4eabcd6383fd13,https://mm.linkedin.com/jobs/view/treasury-senior-specialist-at-u9-4435459419,Treasury Senior Specialist,U9,posted,2026-07-09T11:29:18.689952,328
b14315cf9f4965d9,https://mm.linkedin.com/jobs/view/admin-manager-at-alibaba-amusement-co-ltd-4437392395,Admin Manager,"Alibaba Amusement Co.,Ltd.",posted,2026-07-09T11:29:34.127346,330
f200fc54cfaba834,https://mm.linkedin.com/jobs/view/sales-manager-mdy-at-otsuka-myanmar-co-ltd-4437007136,Sales Manager (MDY),,scraped,2026-07-09T11:29:38.520914,
dcf6781a05fc3d35,https://mm.linkedin.com/jobs/view/head-of-digital-marketing-services-at-edka-digital-4437003390,Head of Digital Marketing Services,EDKA Digital,posted,2026-07-09T11:30:03.777513,332
aaf0d4902a783b54,https://mm.linkedin.com/jobs/view/finance-officer-at-international-rescue-committee-4438589804,Finance Officer,International Rescue Committee,posted,2026-07-09T11:30:16.500945,152
110fdd4f559abc83,https://mm.linkedin.com/jobs/view/ylg-intern-22-at-yemen-loan-guarantee-ylg-4437330106,YLG - Intern 22,,scraped,2026-07-09T11:30:19.070785,
adae53dc42b9f3b1,https://mm.linkedin.com/jobs/view/event-coordinator-at-signature-wedding-asia-4437037455,Event Coordinator,SIGNATURE Wedding Asia,posted,2026-07-09T11:30:43.476290,334
5b81bde62de9fe39,https://mm.linkedin.com/jobs/view/senior-content-writer-at-beyond-360-4437338818,Senior Content Writer,,scraped,2026-07-09T11:30:54.084845,
1be7cf2525932b1b,https://mm.linkedin.com/jobs/view/senior-business-development-executive-at-mhcs-opportunities-4437352672,Senior Business Development Executive,MHCS Opportunities,posted,2026-07-09T11:31:27.579235,336
f125b0dca9afeb8a,https://mm.linkedin.com/jobs/view/assistant-chief-accountant-at-myanmar-indo-best-company-limited-4437329953,Assistant Chief Accountant,Myanmar Indo Best Company Limited,posted,2026-07-09T11:31:44.347732,338
1bd2b3aa97ff794b,https://mm.linkedin.com/jobs/view/senior-network-engineer-at-ntt-data-inc-4427370655,Senior Network Engineer,,scraped,2026-07-09T11:31:52.999867,
b8d109ca988f16e6,https://mm.linkedin.com/jobs/view/officer-investment-at-prudential-myanmar-life-insurance-4420961242,"Officer, Investment",,scraped,2026-07-09T11:32:05.783503,
0a22ebd68f366439,https://mm.linkedin.com/jobs/view/senior-accountant-at-hire-me-4437386122,Senior Accountant,,scraped,2026-07-09T11:32:38.579592,
e5749b0b97d27e56,https://mm.linkedin.com/jobs/view/estudiante-en-pr%C3%A1cticas-at-formaci%C3%B3n-cremades-calvo-sotelo-4438577825,Estudiante en prácticas,,scraped,2026-07-09T11:32:59.671829,
01a329bae41972fb,https://mm.linkedin.com/jobs/view/rechtsanwalt-associate-m-w-d-at-luther-rechtsanwaltsgesellschaft-mbh-4438109564,Rechtsanwalt / Associate (m/w/d),,scraped,2026-07-09T11:33:16.923217,
decae63995d3d3db,https://mm.linkedin.com/jobs/view/dsv-road-s%C3%B6ker-en-business-development-manager-till-v%C3%A4rnamo%21-at-dsv-global-transport-and-logistics-4437069662,DSV Road söker en Business Development Manager till Värnamo!,,scraped,2026-07-09T11:33:24.666926,
30222e638c198b79,https://mm.linkedin.com/jobs/view/ing%C3%A9nieur-conception-faisceau-ferroviaire-architecture-ee-at-expleo-group-4387291718,Ingénieur Conception Faisceau Ferroviaire (Architecture EE),,scraped,2026-07-09T11:33:32.912283,
